key_id,type,statement,source,notes
K001,capacity,Lower Salmon 4-Day maximum is 30 total people (5 guides and 25 guests).,head,
K002,capacity,Main Salmon 5-Day (or 4-Day high-water variant) maximum is 30 total people (5 guides and 25 guests).,head,
K003,capacity,Jetboat shuttle maximum is 24 guests.,head,
K004,sequencing,Lower Salmon requires a shuttle driver to drop guides boats and gear at Hammer Creek launch; the driver returns the van and trailer; a driver van and trailer must pick up at Heller Bar on the afternoon of day 4.,head,
K005,sequencing,Main Salmon requires a driver van and trailer to drop at Corn Creek (approximately 10 hours from launch); the crew camps overnight; trip starts 9 am the following morning; the driver returns the van/trailer to Riggins after launch.,head,
K006,capacity,Typical full multi-day boat mix is 2 large gear boats and 3 paddle boats; smaller groups may run fewer paddle boats or a Mammoth but always require at least one gear boat.,head,
K007,eligibility,Buses require a CDL-qualified driver.,head,
K008,timing,Maximum one full-day trip per day.,head,
K009,timing,Maximum two half-day trips per day (10 am and 2 pm).,head,
K010,timing,Main Salmon has assigned launch dates.,head,
K011,timing,Lower Salmon preferred launch days are Monday and Tuesday; other days permitted when needed.,head,
K012,capacity,Day-trip and French Creek maximum combined volume is 120 people.,head,
K013,capacity,One seat and one PFD required per guest.,head,
K014,eligibility,Each multi-day trip requires one lead guide (typically 2-3 years experience).,head,
K015,capacity,Day-trip paddle boats limited to 9 guests on a 16-ft boat.,head,
K016,capacity,French Creek / SRHAB paddle boats limited to 10 guests on a 16-ft boat.,head,
K017,eligibility,A guide may be assigned to only one boat at a time on the same trip.,head,
K018,eligibility,Ruby (old van) must not tow.,head,
K019,eligibility,Buses must not travel to Vinegar (French Creek / SRHAB launch).,head,
K020,sequencing,French Creek / SRHAB requires multiple drivers and vehicles (typically one van + mega trailer plus another van; larger trips need two vans and two trailers) for both drop and pickup.,head,
K021,staffing,One person must work the store each working day.,head,
K022,gear,Two oars required for each boat.,head,
K023,gear,One paddle required for each person in a paddle boat.,head,
K024,gear,Helmets required during high water; helmets always required in inflatable kayaks or on scout rafting trips.,head,
K025,gear,First-aid kit required on each trip.,head,
K026,gear,Each raft requires a perimeter-line rope.,head,
K027,gear,Thwarts/seats must be set for the correct passenger count; boats must be properly inflated.,head,
K028,gear,Each trip requires a pump.,head,
K029,compliance,Safety talk required before every trip.,head,
K030,gear,One throw rope required per boat.,head,
K031,compliance,Main Salmon and Middle Fork permits and camps must be submitted at least two weeks before launch.,head,
K032,compliance,Other rivers (BLM) report usage only at end of season.,head,
K033,timing,Two half-days on the same day (Hagerman or Riggins) are a hard limit.,head,
K034,eligibility,A guide must not be sent alone on Murtaugh multi-day trips or any high-water trip; solo is permitted on low-water Hagerman and on Riggins full-day and half-day trips.,head,
K035,gear,Day-trip paddle boats each require 4 straps.,head,
K036,gear,Frame straps required at 4 per boat (6 for big boats).,Rafting Checklists.xlsx,
K037,gear,Spare PFDs required at 1 per 15 people.,Rafting Checklists.xlsx,
K038,gear,One invasive-species sticker required per boat.,Rafting Checklists.xlsx,
K039,gear,SRHAB / French Creek requires one boat pump for every 4 boats.,Rafting Checklists.xlsx,
K040,availability,A guide with an approved Blackout request or Assignment block on a trip date cannot be assigned that day.,code,
K041,role,Store Staff cannot also hold a guide driver or food role on the same day.,code,
K042,role,A guide assigned to a multi-day trip cannot take any other overlapping assignment for the duration of that trip.,code,
K043,vehicle,The same vehicle or trailer cannot be assigned to two same-launch-day operations unless cleared by stacking shuttle-pool or rig-group rules.,code,
K044,jetboat,A jetboat trip type (Lower Salmon 4-Day or Main Salmon 4-Day) on a today-or-future date must have Jetboat confirmed checked.,code,
K045,capacity,Main Salmon and Middle Fork trips are hard-capped at 25 guests and 5 guides.,code,
K046,vehicle,A trip that has boats to haul (Total boats > 0) must have a trailer assigned when a van/driver is present.,code,
K047,vehicle,Boats on a trip may not exceed the assigned trailer’s Boat capacity (standard = 5 mega = 10).,code,
K048,vehicle,A rental operation’s assigned vehicle or trailer is blocked for the full rental span and cannot be assigned elsewhere on intervening days.,code,
K049,vehicle,Each vehicle assigned to a movement must have its own driver.,code,
K050,driver,A CDL-required vehicle must be driven by a CDL-qualified driver.,code,
K051,availability,A guide assigned to a trip whose date falls before their Season start date or after their Season end date is invalid.,code,
K052,driver,A driver whose Drivers License Expiration has passed or whose CDL/DOT medical has expired cannot be assigned.,code,
K053,vehicle,A vehicle on manual hold or with an open critical issue cannot be assigned to a trip.,code,
K054,availability,Movement drivers are subject to the same time-off blackout and season rules as Daily Op crew.,code,
K055,shuttle,A Middle Fork trip with no Shuttle details is invalid.,code,
K056,shuttle,A Main Salmon Lower Salmon or Overnighter trip with Guest shuttle coordinated unchecked is invalid when inside the hard window.,code,
K057,capacity,For Full Day Half Day Overnighter or SRHAB day-3 operations 1–11 people require 1 van.,airtable,
K058,capacity,For Full Day Half Day Overnighter or SRHAB day-3 operations 12–23 people require 2 vans.,airtable,
K059,capacity,For Full Day Half Day Overnighter or SRHAB day-3 operations 24–25 people require 3 vans.,airtable,
K060,capacity,For Full Day Half Day Overnighter or SRHAB day-3 operations 26–36 people require 3 vans or 1 bus.,airtable,
K061,capacity,For Full Day Half Day Overnighter or SRHAB day-3 operations 37 or more people require a bus.,airtable,
K062,capacity,Standard day-trip 16-ft boats are limited to 9 guests; SRHAB / French Creek 16-ft boats are limited to 10 guests.,airtable,
K063,lead,Designated lead for a multi-day section must be one of the 2026 named leads for that section (Abigail Brown for Middle Fork Connor P or Ammon for Lower Hannah or Eric Newell for Main Logan for French/SRHAB).,code,
K064,capacity,Soft capacity warning fires when boats exceed the comfortable load of 4 on a standard trailer or 8 on a Mega trailer.,code,
K065,driver,A driver on big drives three consecutive days triggers a soft fatigue flag on the third day.,code,
K066,timing,A guide or driver finishing a movement needs at least 180 minutes before starting a day-trip assignment; shorter gaps are a soft tight-turnaround flag.,code,
K067,capacity,When a Vehicle record has no Passenger seats value the default seat count used for capacity checks is 15.,code,
K068,vehicle,A pickup movement with 25 or more riders and no bus assigned triggers a soft “bus likely needed” flag.,code,
K069,vehicle,Two jobs on the same rig are clear if the gap between their time windows is at least 60 minutes; a smaller gap with no overlap is a soft tight-turnaround flag; real overlap is hard.,code,
K070,vehicle,A movement carrying people with no vehicle assigned is hard within 1 day of the trip soft within 3 days and silent further out.,code,
K071,vehicle,“Bus driver not confirmed” only flags within 4 days of the trip.,code,
K072,shuttle,Guest-shuttle-not-coordinated with no details is hard within 2 days of the trip and soft further out.,code,
K073,timing,A Riggins day-trip operation with zero guests is treated as not running; its movements do not commit rigs or crew.,code,
K074,capacity,Middle Fork trips are exempt from the per-movement passenger-seat capacity check.,code,
K075,driver,A CDL-required vehicle must be driven by a CDL-qualified driver.,code,
K076,role,Store Staff cannot also hold a guide driver or food role on the same day.,code,
